<?xml version="1.0" encoding="utf-8" standalone="yes"?>

<?xml-stylesheet href="./_c74_ref.xsl" type="text/xsl"?>

<!--This is an automatically generated file. DO NOT EDIT THIS FILE DIRECTLY. Rather, use the _ref.xml files found in the 'edits' folder.-->
<c74object name="sadam.phasor~">
	<digest>
		Phasor object with maximal resting state
	</digest>
	<description>
		<o>
			sadam.phasor~
		</o>
		will generate a ramp between 0 and 1 with the given frequency. The only difference between this object and the legacy
		<o>
			phasor~
		</o> object is that if frequency is set to 0, the ramp will continue until it reaches 1. This can be useful in scenarios when the phasor is controlling a modulation and for 0 frequency we'd like to turn off the modulation completely, including DC effects.
	</description>
	<!--METADATA-->
	<metadatalist>
		<metadata name="author">
			Ádám Siska (sales@sadam.hu)
		</metadata>
		<metadata name="tag">
			MSP
		</metadata>
		<metadata name="tag">
			MSP
		</metadata>
	</metadatalist>
	<!--INLETS-->
	<inletlist>
		<inlet id="0" name="INLET_NAME">
			<digest>
				(signal/float) Frequency (Hz)
			</digest>
			<description>
				TEXT_HERE
			</description>
		</inlet>
		<inlet id="1" name="INLET_NAME">
			<digest>
				(float) Phase (between 0 and 1)
			</digest>
			<description>
				TEXT_HERE
			</description>
		</inlet>
	</inletlist>
	<!--OUTLETS-->
	<outletlist>
		<outlet id="0" name="OUTLET_NAME">
			<digest>
				(signal) Output (between 0 and 1)
			</digest>
			<description>
				TEXT_HERE
			</description>
		</outlet>
	</outletlist>
	<!--ARGUMENTS-->
	<objarglist>
		<objarg name="initial-frequency (Hz)" type="int or float" optional="1">
			<digest>
				TEXT_HERE
			</digest>
			<description>
				Sets the initial frequency of the phasor.
			</description>
		</objarg>
	</objarglist>
	<!--MESSAGES-->
	<methodlist>
		<method name="int">
			<arglist>
				<arg name="frequency (Hz)" type="int" optional="0" id="0" />
			</arglist>
			<digest>
				TEXT_HERE
			</digest>
			<description>
				In left inlet: Sets the frequency of the phasor.
				<br />
				In right inlet: Sets the initial phase of the phasor (between 0 and 1).
			</description>
		</method>
		<method name="float">
			<arglist>
				<arg name="frequency (Hz)" type="float" optional="0" id="0" />
			</arglist>
			<digest>
				TEXT_HERE
			</digest>
			<description>
				In left inlet: Sets the frequency of the phasor.
				<br />
				In right inlet: Sets the initial phase of the phasor (between 0 and 1).
			</description>
		</method>
		<method name="signal">
			<arglist />
			<digest>
				TEXT_HERE
			</digest>
			<description>
				In left inlet: Sets the frequency of the phasor.
			</description>
		</method>
	</methodlist>
	<!--ATTRIBUTES-->
	<!--EXAMPLE-->
	<examplelist>
		<example img="sadam.phasor~.png" caption="Example of a ring modulator that will always give maximum gain when the modulation is turned off (independent of the current phase of the modulator in the moment it got turned off)." />
	</examplelist>
	<!--SEEALSO-->
	<seealsolist>
		<seealso name="phasor~" />
		<seealso name="cycle~" />
	</seealsolist>
	<misc name="Output">
		<entry name="signal">
			<description>
				A signal ramping between 0 and 1 at the given frequency.
			</description>
		</entry>
	</misc>
</c74object>
