<?xml version="1.0" encoding="utf-8" standalone="yes"?>

<?xml-stylesheet href="./_c74_ref.xsl" type="text/xsl"?>

<!--This is an automatically generated file. DO NOT EDIT THIS FILE DIRECTLY. Rather, use the _ref.xml files found in the 'edits' folder.-->
<c74object name="sadam.standardMap~">
	<digest>
		A chaotic oscillator based on Chirikov's Standard Map
	</digest>
	<description>
		<o>
			sadam.standardMap~
		</o>
		will generate a signal based on the Standard Map, a one-parameter chaotic model widely used in condensed matter physics. As input it takes one parameter, the so-called 'kicking strength' (K). The initial phase (X0) and moment (P0) of the oscillator can be set manually or randomly. The object outputs the current phase (X) and moment  (P) of the oscillator (the phase is scaled to fit in the [-1;1] region). The third outlet gives the current velocity of the phase point representing the current state of the oscillator. For further info about the Standard Map see http://www.scholarpedia.org/article/Chirikov_standard_map.
	</description>
	<!--METADATA-->
	<metadatalist>
		<metadata name="author">
			Ádám Siska (sales@sadam.hu)
		</metadata>
		<metadata name="tag">
			MSP
		</metadata>
	</metadatalist>
	<!--INLETS-->
	<inletlist>
		<inlet id="0" name="INLET_NAME">
			<digest>
				(int/float/signal) Kicking Strength (K)
			</digest>
			<description>
				TEXT_HERE
			</description>
		</inlet>
		<inlet id="1" name="INLET_NAME">
			<digest>
				(int/float) Initial Phase (X0)
			</digest>
			<description>
				TEXT_HERE
			</description>
		</inlet>
		<inlet id="2" name="INLET_NAME">
			<digest>
				(int/float) Initial Moment (P0)
			</digest>
			<description>
				TEXT_HERE
			</description>
		</inlet>
	</inletlist>
	<!--OUTLETS-->
	<outletlist>
		<outlet id="0" name="OUTLET_NAME">
			<digest>
				(signal) Current Phase (X)
			</digest>
			<description>
				TEXT_HERE
			</description>
		</outlet>
		<outlet id="1" name="OUTLET_NAME">
			<digest>
				(signal) Current Moment (P)
			</digest>
			<description>
				TEXT_HERE
			</description>
		</outlet>
		<outlet id="2" name="OUTLET_NAME">
			<digest>
				(signal) Velocity of the Phase Point (V)
			</digest>
			<description>
				TEXT_HERE
			</description>
		</outlet>
	</outletlist>
	<!--ARGUMENTS-->
	<objarglist>
		<objarg name="kicking strength" type="float" optional="1">
			<digest>
				TEXT_HERE
			</digest>
			<description>
				Sets the Kicking Strength (K). The default value is
				<m>
					0
				</m>
				.
			</description>
		</objarg>
		<objarg name="frequency" type="float" optional="1">
			<digest>
				TEXT_HERE
			</digest>
			<description>
				Sets the frequency of the evaluation of new (X, P) pairs. The default (and the allowed maximum) frequency is the sampling rate, in which case a new (X, P) pair gets generated for each sample. If the frequency is smaller than the sampling rate, the output will interpolate linearly between the subsequent generated phase points.
			</description>
		</objarg>
	</objarglist>
	<!--MESSAGES-->
	<methodlist>
		<method name="bang">
			<arglist />
			<digest>
				TEXT_HERE
			</digest>
			<description>
				Sets a new initial phase point (X0, P0) randomly.
			</description>
		</method>
		<method name="frequency">
			<arglist>
				<arg name="frequency" type="float" optional="0" id="0" />
			</arglist>
			<digest>
				TEXT_HERE
			</digest>
			<description>
				Sets the frequency of the evaluation of new (X, P) pairs. The default (and the allowed maximum) frequency is the sampling rate, in which case a new (X, P) pair gets generated for each sample. If the frequency is smaller than the sampling rate, the output will interpolate linearly between the subsequent generated phase points.
			</description>
		</method>
		<method name="list">
			<arglist />
			<digest>
				TEXT_HERE
			</digest>
			<description>
				If the list contains 2 numbers, it sets a new initial phase point (X0, P0). If it contains 3 (or more) numbers, it sets the kicking strength and a new initial phase point (K, X0, P0) while ignoring the rest of the numbers in the list.
			</description>
		</method>
	</methodlist>
	<!--ATTRIBUTES-->
	<!--EXAMPLE-->
	<examplelist>
		<example img="sadam.standardMap~.png" caption="Example demonstrating a sinewave modulated with a low-frequency chaotic noise." />
	</examplelist>
	<!--SEEALSO-->
	<seealsolist>
		<seealso name="cycle~" />
		<seealso name="phasor~" />
		<seealso name="rand~" />
		<seealso name="sadam.rand~" />
	</seealsolist>
	<misc name="Output">
		<entry name="signal">
			<description>
				The current coordinates of the phase point (X, P) representing the oscillator in the phase space and the velocity of this point.
			</description>
		</entry>
	</misc>
</c74object>
