<?xml version="1.0" encoding="utf-8" standalone="yes"?>

<?xml-stylesheet href="./_c74_ref.xsl" type="text/xsl"?>

<!--This is an automatically generated file. DO NOT EDIT THIS FILE DIRECTLY. Rather, use the _ref.xml files found in the 'edits' folder.-->
<c74object name="sadam.rand~">
	<digest>
		Band-limited random signal
	</digest>
	<description>
		<o>
			sadam.rand~
		</o>
		generates a signal consisting of random values between -1 and 1 generated at a frequency specified by its input. It uses a sinewave-section to interpolate between these values. The result is more close to a band-limited pink noise than those generated by
		<o>
			rand~
		</o>.
	</description>
	<!--METADATA-->
	<metadatalist>
		<metadata name="author">
			Ádám Siska (sales@sadam.hu)
		</metadata>
		<metadata name="tag">
			MSP
		</metadata>
		<metadata name="tag">
			MSP
		</metadata>
	</metadatalist>
	<!--INLETS-->
	<inletlist>
		<inlet id="0" name="INLET_NAME">
			<digest>
				(signal/float) Frequency
			</digest>
			<description>
				TEXT_HERE
			</description>
		</inlet>
		<inlet id="1" name="INLET_NAME">
			<digest>
				(signal/float) Frequency
			</digest>
			<description>
				TEXT_HERE
			</description>
		</inlet>
	</inletlist>
	<!--OUTLETS-->
	<outletlist>
		<outlet id="0" name="OUTLET_NAME">
			<digest>
				(signal) Generated Noise
			</digest>
			<description>
				TEXT_HERE
			</description>
		</outlet>
	</outletlist>
	<!--ARGUMENTS-->
	<objarglist>
		<objarg name="initial-frequency (Hz)" type="float or int" optional="1">
			<digest>
				TEXT_HERE
			</digest>
			<description>
				Sets the initial frequency. The default value is 0. If a signal is connected to the inlet, the argument is ignored.
			</description>
		</objarg>
	</objarglist>
	<!--MESSAGES-->
	<methodlist>
		<method name="int">
			<arglist>
				<arg name="input" type="int" optional="0" id="0" />
			</arglist>
			<digest>
				TEXT_HERE
			</digest>
			<description>
				Same as 
				<m>
					signal
				</m>
				. If there is a signal connected to the inlet, a 
				<m>
					float
				</m>
				or 
				<m>
					int
				</m>
				is ignored.
			</description>
		</method>
		<method name="float">
			<arglist>
				<arg name="input" type="float" optional="0" id="0" />
			</arglist>
			<digest>
				TEXT_HERE
			</digest>
			<description>
				Same as 
				<m>
					signal
				</m>
				. If there is a signal connected to the inlet, a 
				<m>
					float
				</m>
				or 
				<m>
					int
				</m>
				is ignored.
			</description>
		</method>
		<method name="signal">
			<arglist />
			<digest>
				TEXT_HERE
			</digest>
			<description>
				The frequency at which a new random number between -1 and 1 is
				generated. Unlike
				<o>
					rand~
				</o>,
				<o>
					sadam.rand~
				</o>,
				interpolates using a sinewave section between random values chosen at the specified rate.
			</description>
		</method>
	</methodlist>
	<!--ATTRIBUTES-->
	<!--EXAMPLE-->
	<examplelist>
		<example img="sadam.rand~.png" caption="Example of a band-limited noise." />
	</examplelist>
	<!--SEEALSO-->
	<seealsolist>
		<seealso name="rand~" />
		<seealso name="pink~" />
	</seealsolist>
	<misc name="Output">
		<entry name="signal">
			<description>
				A signal consisting of line segments between random values in the range -1 to 1. The random values occur at the frequency specified by the input.
			</description>
		</entry>
	</misc>
</c74object>
