<?xml version="1.0" encoding="utf-8" standalone="yes"?>

<?xml-stylesheet href="./_c74_ref.xsl" type="text/xsl"?>

<!--This is an automatically generated file. DO NOT EDIT THIS FILE DIRECTLY. Rather, use the _ref.xml files found in the 'edits' folder.-->
<c74object name="sadam.split">
	<digest>
		Split incoming number sequence
	</digest>
	<description>
		<o>
			sadam.split
		</o>
		will route numbers to different outlets according to a set of ranges. These ranges are defined by breakpoints which can either be set as arguments to the object or changed on-the-fly. Numbers that wouldn't match any range will be sent out the leftmost (rightmost) outlet if they are lower (higher) than the lowest (highest) breakpoint.
	</description>
	<!--METADATA-->
	<metadatalist>
		<metadata name="author">
			Ádám Siska (sales@sadam.hu)
		</metadata>
		<metadata name="tag">
			Max
		</metadata>
		<metadata name="tag">
			Data
		</metadata>
	</metadatalist>
	<!--INLETS-->
	<inletlist>
		<inlet id="0" name="INLET_NAME">
			<digest>
				(float/int) Incoming Number to be Routed
			</digest>
			<description>
				TEXT_HERE
			</description>
		</inlet>
		<inlet id="1" name="INLET_NAME">
			<digest>
				(float/int) Set Values of Breakpoints
			</digest>
			<description>
				TEXT_HERE
			</description>
		</inlet>
	</inletlist>
	<!--OUTLETS-->
	<outletlist>
		<outlet id="0" name="OUTLET_NAME">
			<digest>
				(float/int) Routed Numbers
			</digest>
			<description>
				TEXT_HERE
			</description>
		</outlet>
	</outletlist>
	<!--ARGUMENTS-->
	<objarglist>
		<objarg name="breakpoint list" type="list" optional="1">
			<digest>
				TEXT_HERE
			</digest>
			<description>
				Sets the initial list of breakpoints. This will also define the number of outlets, which equals the total number of breakpoints plus one. If any of the numbers in the list is a floating point number, the object will accept and output <m>float</m>s, otherwise it would work with <m>int</m>s. The default list is <m>0</m>, which means that negative numbers would be routed to the left, while positives to the right outlet.
			</description>
		</objarg>
	</objarglist>
	<!--MESSAGES-->
	<methodlist>
		<method name="float/int">
			<arglist />
			<digest>
				TEXT_HERE
			</digest>
			<description>
				On leftmost inlet: Number to be routed.<br />
				On any other inlet: Sets the value of the respective breakpoint.
			</description>
		</method>
	</methodlist>
	<!--ATTRIBUTES-->
	<attributelist>
		<attribute name="strict" get="0" set="1" type="int" size="1">
			<digest>
				Set Strictness.
			</digest>
			<description>
				If disabled (0), the breakpoints will allow equality at the top of their respective ranges. If enabled, the breakpoints will not allow equality at the top of their respective ranges (in which case they would allow equality at the bottom of the next range). By default strictness is disabled.
			</description>
		</attribute>
	</attributelist>
	<!--EXAMPLE-->
	<examplelist>
		<example img="sadam.split.png" caption="A simple example of splitting an incoming control flow." />
	</examplelist>
	<!--SEEALSO-->
	<seealsolist>
		<seealso name="split" />
	</seealsolist>
</c74object>
