<?xml version="1.0" encoding="utf-8" standalone="yes"?>
<?xml-stylesheet href="./_c74_ref.xsl" type="text/xsl"?>
<!--This is an automatically generated file. DO NOT EDIT THIS FILE DIRECTLY. Rather, use the _ref.xml files found in the 'edits' folder.-->
<c74object name="sadam.limits">
	<digest>
		Get minimum and maximum finite values of Max data types
	</digest>
	<description>
		<o>
			sadam.limits
		</o>
		will output the minimum and maximum finite values of the integer or the floating point Max data type. Note that for floating point numbers the minimum representable finite value is actually the smallest positive number that is not denormal.
	</description>
	<!--METADATA-->
	<metadatalist>
		<metadata name="author">
			Ádám Siska (sales@sadam.hu)
		</metadata>
		<metadata name="tag">
			Max
		</metadata>
		<metadata name="tag">
			Data
		</metadata>
	</metadatalist>
	<!--INLETS-->
	<inletlist>
		<inlet id="0" name="INLET_NAME">
			<digest>
				(anything) Trigers Output
			</digest>
			<description>
				TEXT_HERE
			</description>
		</inlet>
	</inletlist>
	<!--OUTLETS-->
	<outletlist>
		<outlet id="0" name="OUTLET_NAME">
			<digest>
				(int) Smallest Finite Integer<br />(float) Smallest Positive Non-Denormal Number
			</digest>
			<description>
				TEXT_HERE
			</description>
		</outlet>
		<outlet id="1" name="OUTLET_NAME">
			<digest>
				(int or float) Biggest Finite Value
			</digest>
			<description>
				TEXT_HERE
			</description>
		</outlet>
	</outletlist>
	<!--ARGUMENTS-->
	<objarglist>
		<objarg name="type-selector" type="anything" optional="1">
			<digest>
				TEXT_HERE
			</digest>
			<description>
				If a floating-point number or the <m>float</m> keyword is set, the object will output limits of floating point numbers. In any other case, it will output the appropriate integer values.
			</description>
		</objarg>
	</objarglist>
	<!--MESSAGES-->
	<methodlist>
		<method name="anything">
			<arglist />
			<digest>
				TEXT_HERE
			</digest>
			<description>
				Sends limits out.
			</description>
		</method>
	</methodlist>
	<!--ATTRIBUTES-->
	<attributelist>
		<attribute name="type" get="0" set="1" type="anything" size="1">
			<digest>
				Select Type.
			</digest>
			<description>
				If a floating-point number or the <m>float</m> keyword is set, the object will output limits of floating point numbers. In any other case, it will output the appropriate integer values. Note that you can't change the type of the object if it was fixed with an object argument.
			</description>
		</attribute>
	</attributelist>
	<!--EXAMPLE-->
	<examplelist>
		<example img="sadam.limits.png" caption="The limits of Max data types as of Max 5.1.8." />
	</examplelist>
	<!--SEEALSO-->
	<seealsolist>
		<seealso name="sadam.empty" />
		<seealso name="sadam.float" />
	</seealsolist>
</c74object>
