<?xml version="1.0" encoding="utf-8" standalone="yes"?>

<?xml-stylesheet href="./_c74_ref.xsl" type="text/xsl"?>

<!--This is an automatically generated file. DO NOT EDIT THIS FILE DIRECTLY. Rather, use the _ref.xml files found in the 'edits' folder.-->
<c74object name="sadam.tcpSender">
	<digest>
		Send data through the network using the TCP protocol
	</digest>
	<description>
		<o>
			sadam.tcpSender
		</o>
		will send data to a specified IP address on a specified port. Currently it is only able to send binary data (either by sending bytes directly to the object or by registering it to a binary stream represented by
		<o>
			sadam.stream</o>) but in a later release it will support any arbitrary Max message. The connection is not kept alive, instead, it is opened each time a message is being sent and closed just afterwards. This makes sure that the underlying operating system would send the messages instantaneously.<br />
		This object was commissioned by Andrea Szigetvári and the Hungarian Computer Music Foundation.
	</description>
	<!--METADATA-->
	<metadatalist>
		<metadata name="author">
			Ádám Siska (sales@sadam.hu)
		</metadata>
		<metadata name="tag">
			Max
		</metadata>
		<metadata name="tag">
			Data
		</metadata>
	</metadatalist>
	<!--INLETS-->
	<inletlist>
		<inlet id="0" name="INLET_NAME">
			<digest>
				Various messages to set address, port etc.
			</digest>
			<description>
				Various messages to set address, port etc.
			</description>
		</inlet>
	</inletlist>
	<!--OUTLETS-->
	<outletlist>
		<outlet id="0" name="OUTLET_NAME">
			<digest>
				(int) Error code (0 on success).
			</digest>
			<description>
				(int) Error code (0 on success).
			</description>
		</outlet>
	</outletlist>
	<!--ARGUMENTS-->
	<objarglist>
		<objarg name="host" type="symbol" optional="1">
			<digest>
				Host name.
			</digest>
			<description>
				Sets the recipient address. It can be any valid IP address or domain name.
			</description>
		</objarg>
		<objarg name="port" type="int" optional="1">
			<digest>
				Port number.
			</digest>
			<description>
				Sets the recipient port number. Valid port numbers are between 0 and 65535.
			</description>
		</objarg>
		<objarg name="stream name" type="symbol" optional="1">
			<digest>
				Stream name.
			</digest>
			<description>
				Binds the object to a binary stream represented by
				<o>
					sadam.stream
				</o>.
			</description>
		</objarg>
	</objarglist>
	<!--MESSAGES-->
	<methodlist>
		<method name="address">
			<arglist>
				<arg name="host" type="symbol" optional="0" id="0" />
			</arglist>
			<digest>
				See
				<m>
					host
				</m>
				message.
			</digest>
			<description>
				See
				<m>
					host
				</m>
				message.
			</description>
		</method>
		<method name="bind">
			<arglist>
				<arg name="stream name" type="symbol" optional="1" id="0" />
			</arglist>
			<digest>
				Without an argument, it will unregister all previously registered binary streams. If an argument is present, it will also register the stream with the given name to the object. If a stream is registered, each time the stream is cleared, its content will be sent out to the network.
			</digest>
			<description>
				Without an argument, it will unregister all previously registered binary streams. If an argument is present, it will also register the stream with the given name to the object. If a stream is registered, each time the stream is cleared, its content will be sent out to the network.
			</description>
		</method>
		<method name="host">
			<arglist>
				<arg name="host" type="symbol" optional="0" id="0" />
			</arglist>
			<digest>
				Sets the host where the data should be sent. Can be any valid IP address or domain name.
			</digest>
			<description>
				Sets the host where the data should be sent. Can be any valid IP address or domain name.
			</description>
		</method>
		<method name="int">
			<arglist>
				<arg name="data" type="int" optional="0" id="0" />
			</arglist>
			<digest>
				Sends the incoming number as a single byte to the network on the specified port to the specified host. The value is clipped to the region [0x00, 0xFF].
			</digest>
			<description>
				Sends the incoming number as a single byte to the network on the specified port to the specified host. The value is clipped to the region [0x00, 0xFF].
			</description>
		</method>
		<method name="list">
			<arglist>
				<arg name="data" type="list" optional="0" id="0" />
			</arglist>
			<digest>
				Sends the incoming numbers as single bytes to the network on the specified port to the specified host. The values are clipped to the region [0x00, 0xFF].
			</digest>
			<description>
				Sends the incoming numbers as single bytes to the network on the specified port to the specified host. The values are clipped to the region [0x00, 0xFF].
			</description>
		</method>
		<method name="port">
			<arglist>
				<arg name="port" type="int" optional="0" id="0" />
			</arglist>
			<digest>
				Sets the port on which the data should be sent. Valid range is from 0 to 65535.
			</digest>
			<description>
				Sets the port on which the data should be sent. Valid range is from 0 to 65535.
			</description>
		</method>
		<method name="register">
			<arglist>
				<arg name="stream name" type="symbol" optional="0" id="0" />
			</arglist>
			<digest>
				Registers the stream with the given name to the object. More than one stream can be registered to the same object. Unlike the message
				<m>
					bind
				</m>
				, it will not unregister other (already registered) streams.
			</digest>
			<description>
				Registers the stream with the given name to the object. More than one stream can be registered to the same object. Unlike the message
				<m>
					bind
				</m>
				, it will not unregister other (already registered) streams.
			</description>
		</method>
		<method name="unregister">
			<arglist>
				<arg name="stream name" type="symbol" optional="0" id="0" />
			</arglist>
			<digest>
				Unregisters the stream with the given name from the object.
			</digest>
			<description>
				Unregisters the stream with the given name from the object.
			</description>
		</method>
	</methodlist>
	<!--ATTRIBUTES-->
	<attributelist>
		<attribute name="verbose" get="0" set="1" type="int" size="1">
			<digest>
				If non-zero, it will report activity to the Max window.
			</digest>
			<description>
				If non-zero, it will report activity to the Max window. Default value is (1).
			</description>
		</attribute>
	</attributelist>
	<!--EXAMPLE-->
	<examplelist>
		<example img="sadam.tcpSender.png" caption="Send the 'Hello World' message byte-by-byte to a remote client." />
	</examplelist>
	<!--SEEALSO-->
    <seealsolist>
        <seealso name="sadam.stream" />
        <seealso name="sadam.tcpClient" />
        <seealso name="sadam.tcpReceiver" />
        <seealso name="sadam.tcpServer" />
        <seealso name="sadam.udpClient" />
        <seealso name="sadam.udpReceiver" />
        <seealso name="sadam.udpSender" />
	</seealsolist>
</c74object>
