<?xml version="1.0" encoding="utf-8" standalone="yes"?>

<?xml-stylesheet href="./_c74_ref.xsl" type="text/xsl"?>

<!--This is an automatically generated file. DO NOT EDIT THIS FILE DIRECTLY. Rather, use the _ref.xml files found in the 'edits' folder.-->
<c74object name="sadam.udpReceiver">
	<digest>
		Receive data from the network using the UDP protocol
	</digest>
	<description>
		<o>
			sadam.udpReceiver
		</o>
		will listen to a specified port and output incoming packets as pure binary data (by sending out the received bytes one-by-one on the leftmost outlet and, optionally, by adding them to the registered binary streams represented by
		<o>
			sadam.stream</o>). Bytes are represented as numbers between 0 and 255 (0x00 and 0xFF, respectively).<br />
		This object was commissioned by Andrea Szigetvári and the Hungarian Computer Music Foundation.
	</description>
	<!--METADATA-->
	<metadatalist>
		<metadata name="author">
			Ádám Siska (sales@sadam.hu)
		</metadata>
		<metadata name="tag">
			Max
		</metadata>
		<metadata name="tag">
			Data
		</metadata>
	</metadatalist>
	<!--INLETS-->
	<inletlist>
		<inlet id="0" name="INLET_NAME">
			<digest>
				Various messages to set port etc.
			</digest>
			<description>
				Various messages to set port etc.
			</description>
		</inlet>
	</inletlist>
	<!--OUTLETS-->
	<outletlist>
		<outlet id="0" name="OUTLET_NAME">
			<digest>
				(list) List of received bytes.
			</digest>
			<description>
				(list) List of received bytes.
			</description>
		</outlet>
		<outlet id="1" name="OUTLET_NAME">
			<digest>
				(int/list) Error code. On success, it will output 0 followed by the IP address and port of the sender.
			</digest>
			<description>
				(int/list) Error code. On success, it will output 0 followed by the IP address and port of the sender.
			</description>
		</outlet>
	</outletlist>
	<!--ARGUMENTS-->
	<objarglist>
		<objarg name="port" type="int" optional="1">
			<digest>
				Port number.
			</digest>
			<description>
				Sets the recipient port number. Valid port numbers are between 0 and 65535.
			</description>
		</objarg>
		<objarg name="buffer" type="int" optional="1">
			<digest>
				Buffer size.
			</digest>
			<description>
				Sets the initial size of the UDP cache in bytes. Default is 2048.
			</description>
		</objarg>
		<objarg name="stream name" type="symbol" optional="1">
			<digest>
				Stream name.
			</digest>
			<description>
				Binds the object to a binary stream represented by
				<o>
					sadam.stream
				</o>.
			</description>
		</objarg>
	</objarglist>
	<!--MESSAGES-->
	<methodlist>
		<method name="bind">
			<arglist>
				<arg name="stream name" type="symbol" optional="1" id="0" />
			</arglist>
			<digest>
				Without an argument, it will unregister all previously registered binary streams. If an argument is present, it will also register the stream with the given name to the object. If a stream is registered, each time a new binary sequence arrives, first it will be added to the end of the registered stream and then the stream will be cleared.
			</digest>
			<description>
				Without an argument, it will unregister all previously registered binary streams. If an argument is present, it will also register the stream with the given name to the object. If a stream is registered, each time a new binary sequence arrives, first it will be added to the end of the registered stream and then the stream will be cleared.
			</description>
		</method>
		<method name="buffer">
			<arglist>
				<arg name="data" type="int" optional="0" id="0" />
			</arglist>
			<digest>
				Sets the size of the UDP cache in bytes. This is the maximum length of arriving messages. Note that, even if you create a huge receiver buffer, the actual maximum length of your message will be affected by every server on the network between you and the sender.
			</digest>
			<description>
				Sets the size of the UDP cache in bytes. This is the maximum length of arriving messages. Note that, even if you create a huge receiver buffer, the actual maximum length of your message will be affected by every server on the network between you and the sender.
			</description>
		</method>
		<method name="port">
			<arglist>
				<arg name="port" type="int" optional="0" id="0" />
			</arglist>
			<digest>
				Sets the port on which the data should be sent. Valid range is from 0 to 65535.
			</digest>
			<description>
				Sets the port on which the data should be sent. Valid range is from 0 to 65535.
			</description>
		</method>
		<method name="register">
			<arglist>
				<arg name="stream name" type="symbol" optional="0" id="0" />
			</arglist>
			<digest>
				Registers the stream with the given name to the object. More than one stream can be registered to the same object. Unlike the message
				<m>
					bind
				</m>
				, it will not unregister other (already registered) streams.
			</digest>
			<description>
				Registers the stream with the given name to the object. More than one stream can be registered to the same object. Unlike the message
				<m>
					bind
				</m>
				, it will not unregister other (already registered) streams.
			</description>
		</method>
		<method name="unregister">
			<arglist>
				<arg name="stream name" type="symbol" optional="0" id="0" />
			</arglist>
			<digest>
				Unregisters the stream with the given name from the object.
			</digest>
			<description>
				Unregisters the stream with the given name from the object.
			</description>
		</method>
	</methodlist>
	<!--ATTRIBUTES-->
	<attributelist>
		<attribute name="verbose" get="0" set="1" type="int" size="1">
			<digest>
				If non-zero, it will report activity to the Max window.
			</digest>
			<description>
				If non-zero, it will report activity to the Max window. Default value is (1).
			</description>
		</attribute>
	</attributelist>
	<!--EXAMPLE-->
	<examplelist>
		<example img="sadam.udpReceiver.png" caption="An object that is receiving the 'Hello World' message byte-by-byte from a remote server." />
	</examplelist>
	<!--SEEALSO-->
    <seealsolist>
        <seealso name="sadam.stream" />
        <seealso name="sadam.tcpClient" />
        <seealso name="sadam.tcpReceiver" />
        <seealso name="sadam.tcpSender" />
        <seealso name="sadam.tcpServer" />
        <seealso name="sadam.udpClient" />
        <seealso name="sadam.udpSender" />
	</seealsolist>
</c74object>
