<?xml version="1.0" encoding="utf-8" standalone="yes"?>

<?xml-stylesheet href="./_c74_ref.xsl" type="text/xsl"?>

<!--This is an automatically generated file. DO NOT EDIT THIS FILE DIRECTLY. Rather, use the _ref.xml files found in the 'edits' folder.-->
<c74object name="sadam.lcm">
	<digest>
		Compute the Least Common Multiple of two integers
	</digest>
	<description>
		<o>
			sadam.lcm
		</o>
		will compute the Least Common Multiple of two integers. The LCM of two positive integers is the smallest positive integer that is an integer multiple of both numbers. If an incoming number is negative, the object will take its absolute value. If either the first or the second number was 0, the object returns 0.
	</description>
	<!--METADATA-->
	<metadatalist>
		<metadata name="author">
			Ádám Siska (sales@sadam.hu)
		</metadata>
		<metadata name="tag">
			Max
		</metadata>
		<metadata name="tag">
			Math
		</metadata>
	</metadatalist>
	<!--INLETS-->
	<inletlist>
		<inlet id="0" name="INLET_NAME">
			<digest>
				First integer (a).
			</digest>
			<description>
				TEXT_HERE
			</description>
		</inlet>
		<inlet id="1" name="INLET_NAME">
			<digest>
				Second integer (b).
			</digest>
			<description>
				TEXT_HERE
			</description>
		</inlet>
	</inletlist>
	<!--OUTLETS-->
	<outletlist>
		<outlet id="0" name="OUTLET_NAME">
			<digest>
				LCM(a,b)
			</digest>
			<description>
				TEXT_HERE
			</description>
		</outlet>
	</outletlist>
	<!--ARGUMENTS-->
	<objarglist>
		<objarg name="Second number" type="long" optional="1">
			<digest>
				TEXT_HERE
			</digest>
			<description>
				The value of the second number (b). Default: 0.
			</description>
		</objarg>
	</objarglist>
	<!--MESSAGES-->
	<methodlist>
		<method name="bang">
			<arglist />
			<digest>
				TEXT_HERE
			</digest>
			<description>
				Output again the LCM of the last incoming numbers.
			</description>
		</method>
		<method name="set">
			<arglist>
				<arg name="input" type="int" optional="0" id="0" />
			</arglist>
			<digest>
				TEXT_HERE
			</digest>
			<description>
				Sets the first integer without causing any output.
			</description>
		</method>
	</methodlist>
	<!--ATTRIBUTES-->
	<!--EXAMPLE-->
	<examplelist>
		<example img="sadam.lcm.png" caption="Least Common Multiple of two integers." />
	</examplelist>
	<!--SEEALSO-->
	<seealsolist>
		<seealso name="sadam.gcd" />
		<seealso name="sadam.prime" />
	</seealsolist>
</c74object>
